recall,accuracy,train_recall,time(s),size(KB),epochs,data(KB),adaptive_rate,reset_checkpoint,learning_rate,n_batches,lr_decay_factor,lr_early_exit,n_epochs,n_lstm_layers,dec_hiddens,model_dim,dec_dropout
0.9560849892705391,0.9812463630111622,0.9597898269087176,3440.868179956296,181.976,1205.6666666666667,1422715.392,15,False,0.01,1,3,1e-05,3000,1,[80],40,0.0
0.9319915214112551,0.9669440224907611,0.9347410396078533,1007.9482235545292,181.976,332.3333333333333,1422715.392,15,False,0.01,1,3,1e-05,3000,1,[80],40,0.1
0.9549293846818089,0.9817904943281867,0.9599477966555154,1026.2307863980532,550.616,285.0,1422715.392,15,False,0.01,1,3,1e-05,3000,1,[80],80,0.0
0.9834409735539208,0.9930887765358484,0.9879404487017108,2265.9020256916992,550.616,613.0,1422715.392,15,False,0.01,1,3,1e-05,3000,1,[80],80,0.1
0.9242810459679727,0.9632295705141285,0.9277943085787621,1380.3740205001086,160.216,480.3333333333333,1422715.392,15,False,0.01,1,3,1e-05,3000,1,[40],40,0.0
0.9171650304641753,0.963955078936828,0.9195458126373647,1118.9385442277417,160.216,373.0,1422715.392,15,False,0.01,1,3,1e-05,3000,1,[40],40,0.1
0.9552812045238143,0.9823232895761066,0.9580072089642799,823.5682803746313,516.056,227.66666666666666,1422715.392,15,False,0.01,1,3,1e-05,3000,1,[40],80,0.0
0.9847520059070948,0.9941959326184051,0.9896757542834077,3331.7268566304506,516.056,902.3333333333334,1422715.392,15,False,0.01,1,3,1e-05,3000,1,[40],80,0.1
